{
  "advantage_mean": [
    0.03346938564352793,
    0.010292857251268751,
    -0.007479571638436153,
    0.02065916209780681
  ],
  "advantage_mean_T": [
    730,
    10736,
    20756,
    30802
  ],
  "battle_won_mean": [
    0.0,
    0.0,
    0.0,
    0.0
  ],
  "battle_won_mean_T": [
    22,
    10046,
    20047,
    30047
  ],
  "critic_loss": [
    0.015783023089170456,
    0.0053764875046908855,
    0.004526983480900526,
    0.007227456662803888
  ],
  "critic_loss_T": [
    730,
    10736,
    20756,
    30802
  ],
  "dead_allies_mean": [
    1.0,
    0.9955056179775281,
    0.9955456570155902,
    0.8776595744680851
  ],
  "dead_allies_mean_T": [
    22,
    10046,
    20047,
    30047
  ],
  "dead_enemies_mean": [
    0.0,
    0.0,
    0.0,
    0.0
  ],
  "dead_enemies_mean_T": [
    22,
    10046,
    20047,
    30047
  ],
  "ep_length_mean": [
    22.0,
    22.525842696629212,
    22.2739420935412,
    26.595744680851062
  ],
  "ep_length_mean_T": [
    22,
    10046,
    20047,
    30047
  ],
  "episode": [
    90,
    179,
    268,
    356,
    446,
    536,
    628,
    719,
    809,
    898,
    988,
    1061,
    1137,
    1213,
    1274,
    1330,
    1373
  ],
  "episode_T": [
    2000,
    4011,
    6017,
    8035,
    10046,
    12066,
    14069,
    16079,
    18099,
    20107,
    22127,
    24152,
    26164,
    28174,
    30227,
    32279,
    34320
  ],
  "epsilon": [
    1.0,
    0.80962,
    0.6195820000000001,
    0.42952500000000005
  ],
  "epsilon_T": [
    22,
    10046,
    20047,
    30047
  ],
  "grad_norm": [
    {
      "py/reduce": [
        {
          "py/function": "torch._utils._rebuild_tensor_v2"
        },
        {
          "py/tuple": [
            {
              "py/reduce": [
                {
                  "py/function": "torch.storage._load_from_bytes"
                },
                {
                  "py/tuple": [
                    {
                      "py/b64": "gAKKCmz8nEb5IGqoUBkugAJN6QMugAJ9cQAoWBAAAABwcm90b2NvbF92ZXJzaW9ucQFN6QNYDQAAAGxpdHRsZV9lbmRpYW5xAohYCgAAAHR5cGVfc2l6ZXNxA31xBChYBQAAAHNob3J0cQVLAlgDAAAAaW50cQZLBFgEAAAAbG9uZ3EHSwR1dS6AAihYBwAAAHN0b3JhZ2VxAGN0b3JjaApGbG9hdFN0b3JhZ2UKcQFYDQAAADI1Nzg0Njk2NjcxMjBxAlgGAAAAY3VkYTowcQNLAU50cQRRLoACXXEAWA0AAAAyNTc4NDY5NjY3MTIwcQFhLgEAAAAAAAAANNUwPg=="
                    }
                  ]
                }
              ]
            },
            0,
            {
              "py/tuple": []
            },
            {
              "py/tuple": []
            },
            false,
            {
              "py/reduce": [
                {
                  "py/type": "collections.OrderedDict"
                },
                {
                  "py/tuple": []
                },
                null,
                null,
                {
                  "py/tuple": []
                }
              ]
            }
          ]
        }
      ]
    },
    {
      "py/reduce": [
        {
          "py/function": "torch._utils._rebuild_tensor_v2"
        },
        {
          "py/tuple": [
            {
              "py/reduce": [
                {
                  "py/function": "torch.storage._load_from_bytes"
                },
                {
                  "py/tuple": [
                    {
                      "py/b64": "gAKKCmz8nEb5IGqoUBkugAJN6QMugAJ9cQAoWBAAAABwcm90b2NvbF92ZXJzaW9ucQFN6QNYDQAAAGxpdHRsZV9lbmRpYW5xAohYCgAAAHR5cGVfc2l6ZXNxA31xBChYBQAAAHNob3J0cQVLAlgDAAAAaW50cQZLBFgEAAAAbG9uZ3EHSwR1dS6AAihYBwAAAHN0b3JhZ2VxAGN0b3JjaApGbG9hdFN0b3JhZ2UKcQFYDQAAADI1Nzg0NjgzNDM5NTJxAlgGAAAAY3VkYTowcQNLAU50cQRRLoACXXEAWA0AAAAyNTc4NDY4MzQzOTUycQFhLgEAAAAAAAAAlgf6PQ=="
                    }
                  ]
                }
              ]
            },
            0,
            {
              "py/tuple": []
            },
            {
              "py/tuple": []
            },
            false,
            {
              "py/reduce": [
                {
                  "py/type": "collections.OrderedDict"
                },
                {
                  "py/tuple": []
                },
                null,
                null,
                {
                  "py/tuple": []
                }
              ]
            }
          ]
        }
      ]
    },
    {
      "py/reduce": [
        {
          "py/function": "torch._utils._rebuild_tensor_v2"
        },
        {
          "py/tuple": [
            {
              "py/reduce": [
                {
                  "py/function": "torch.storage._load_from_bytes"
                },
                {
                  "py/tuple": [
                    {
                      "py/b64": "gAKKCmz8nEb5IGqoUBkugAJN6QMugAJ9cQAoWBAAAABwcm90b2NvbF92ZXJzaW9ucQFN6QNYDQAAAGxpdHRsZV9lbmRpYW5xAohYCgAAAHR5cGVfc2l6ZXNxA31xBChYBQAAAHNob3J0cQVLAlgDAAAAaW50cQZLBFgEAAAAbG9uZ3EHSwR1dS6AAihYBwAAAHN0b3JhZ2VxAGN0b3JjaApGbG9hdFN0b3JhZ2UKcQFYDQAAADI1Nzg0Njk2MzgyMjRxAlgGAAAAY3VkYTowcQNLAU50cQRRLoACXXEAWA0AAAAyNTc4NDY5NjM4MjI0cQFhLgEAAAAAAAAADLMoPg=="
                    }
                  ]
                }
              ]
            },
            0,
            {
              "py/tuple": []
            },
            {
              "py/tuple": []
            },
            false,
            {
              "py/reduce": [
                {
                  "py/type": "collections.OrderedDict"
                },
                {
                  "py/tuple": []
                },
                null,
                null,
                {
                  "py/tuple": []
                }
              ]
            }
          ]
        }
      ]
    },
    {
      "py/reduce": [
        {
          "py/function": "torch._utils._rebuild_tensor_v2"
        },
        {
          "py/tuple": [
            {
              "py/reduce": [
                {
                  "py/function": "torch.storage._load_from_bytes"
                },
                {
                  "py/tuple": [
                    {
                      "py/b64": "gAKKCmz8nEb5IGqoUBkugAJN6QMugAJ9cQAoWBAAAABwcm90b2NvbF92ZXJzaW9ucQFN6QNYDQAAAGxpdHRsZV9lbmRpYW5xAohYCgAAAHR5cGVfc2l6ZXNxA31xBChYBQAAAHNob3J0cQVLAlgDAAAAaW50cQZLBFgEAAAAbG9uZ3EHSwR1dS6AAihYBwAAAHN0b3JhZ2VxAGN0b3JjaApGbG9hdFN0b3JhZ2UKcQFYDQAAADI1Nzg0NjgzOTg5NjBxAlgGAAAAY3VkYTowcQNLAU50cQRRLoACXXEAWA0AAAAyNTc4NDY4Mzk4OTYwcQFhLgEAAAAAAAAAyiVfPg=="
                    }
                  ]
                }
              ]
            },
            0,
            {
              "py/tuple": []
            },
            {
              "py/tuple": []
            },
            false,
            {
              "py/reduce": [
                {
                  "py/type": "collections.OrderedDict"
                },
                {
                  "py/tuple": []
                },
                null,
                null,
                {
                  "py/tuple": []
                }
              ]
            }
          ]
        }
      ]
    }
  ],
  "grad_norm_T": [
    730,
    10736,
    20756,
    30802
  ],
  "policy_loss": [
    0.05320822447538376,
    -0.17459248006343842,
    -0.42374512553215027,
    -0.2454010397195816
  ],
  "policy_loss_T": [
    730,
    10736,
    20756,
    30802
  ],
  "return_mean": [
    {
      "dtype": "float64",
      "py/object": "numpy.float64",
      "value": 1.4117647058823528
    },
    {
      "dtype": "float64",
      "py/object": "numpy.float64",
      "value": 1.1886318572372767
    },
    {
      "dtype": "float64",
      "py/object": "numpy.float64",
      "value": 1.7859295165727758
    },
    {
      "dtype": "float64",
      "py/object": "numpy.float64",
      "value": 2.0362953692115147
    }
  ],
  "return_mean_T": [
    22,
    10046,
    20047,
    30047
  ],
  "return_std": [
    {
      "dtype": "float64",
      "py/object": "numpy.float64",
      "value": 0.0
    },
    {
      "dtype": "float64",
      "py/object": "numpy.float64",